{
  "n": 9860,
  "missing_pred": 0,
  "detection": {
    "auroc": 0.4355593869446079,
    "f1@0.5": 0.7150710646285867,
    "precision@0.5": 0.7588218554354013,
    "recall@0.5": 0.6760902636916836
  },
  "localization": {
    "dice": 0.10311861303792987,
    "miou": 0.06364555793295562
  },
  "classification": {
    "top1": 0.0,
    "top3": 0.0
  },
  "attribution": {
    "path_f1": 0.0
  },
  "gt": "DATASET/meta.jsonl",
  "pred": "runs/unet_scoremax/pred.jsonl"
}
