{
  "n": 1690,
  "missing_pred": 0,
  "detection": {
    "auroc": 0.44005483876614965,
    "f1@0.5": 0.8888888888888888,
    "precision@0.5": 0.8,
    "recall@0.5": 1.0
  },
  "localization": {
    "dice": 0.08463551474876817,
    "miou": 0.0518485903025823
  },
  "classification": {
    "top1": 0.0,
    "top3": 0.0
  },
  "attribution": {
    "path_f1": 0.0
  },
  "gt": "DATASET_SPLITS/test/meta.jsonl",
  "pred": "runs_split/unet/pred.jsonl"
}
